DS_GENERO,count,sum,mean,median
FEMININO,2017,3033170405.79,1503802.8784283588,296300.0
MASCULINO,11918,23743277952.96,1992219.9994092968,474669.25
