DS_GENERO,count,sum,mean,median
FEMININO,80468,18377724624.8,228385.5026196749,76248.32
MASCULINO,184789,87837320716.31,475338.4709929162,110000.0
